

REM ******** TABLA NOTAS_ALUMNOS: ***********

Drop table notas_alumnos cascade constraints;

create table notas_alumnos
 (
   NOMBRE_ALUMNO VARCHAR2(25) NOT NULL ,
   nota1 number(2),
   nota2 number(2),
   nota3 number(2)
 ) ;
 
insert into NOTAS_ALUMNOS VALUES ('Alcalde García, M. Luisa',5,5,5);
insert into NOTAS_ALUMNOS VALUES ('Benito Martín, Luis',7,6,8);
insert into NOTAS_ALUMNOS VALUES ('Casas Martínez, Manuel',7,5,5);
insert into NOTAS_ALUMNOS VALUES ('Corregidor Sánchez, Ana',6,9,8);
insert into NOTAS_ALUMNOS VALUES ('Díaz Sánchez, María',NULL,NULL,7);
COMMIT;

REM ******** TABLA LIBRERIA: *************

Drop table LIBRERIA cascade constraints;

create table LIBRERIA
 (TEMA CHAR(15) NOT NULL ,
  ESTANTE CHAR(1),
  EJEMPLARES NUMBER(2)
 ) ;

INSERT INTO LIBRERIA VALUES ('Informática', 'A',15);
INSERT INTO LIBRERIA VALUES ('Economía',    'A',10);
INSERT INTO LIBRERIA VALUES ('Deportes',    'B',8);
INSERT INTO LIBRERIA VALUES ('Filosofía',   'C',7);
INSERT INTO LIBRERIA VALUES ('Dibujo',      'C',10);
INSERT INTO LIBRERIA VALUES ('Medicina',    'C',16);
INSERT INTO LIBRERIA VALUES ('Biología',    'A',11);
INSERT INTO LIBRERIA VALUES ('Geología',    'D',7);
INSERT INTO LIBRERIA VALUES ('Sociedad',    'D',9);
INSERT INTO LIBRERIA VALUES ('Labores',     'B',20);
INSERT INTO LIBRERIA VALUES ('Jardinería',    'E',6);
COMMIT;

REM ******** TABLAS ALUMNOS, ASIGNATURAS, NOTAS: ***********

DROP TABLE ALUMNOS cascade constraints;

CREATE TABLE ALUMNOS
(
  DNI VARCHAR2(10) NOT NULL,
  APENOM VARCHAR2(30),
  DIREC VARCHAR2(30),
  POBLA  VARCHAR2(15),
  TELEF  VARCHAR2(10)  
) ;

DROP TABLE ASIGNATURAS cascade constraints;

CREATE TABLE ASIGNATURAS
(
  COD NUMBER(2) NOT NULL,
  NOMBRE VARCHAR2(25)
) ;

DROP TABLE NOTAS cascade constraints;

CREATE TABLE NOTAS
(
  DNI VARCHAR2(10) NOT NULL,
  COD NUMBER(2) NOT NULL,
  NOTA NUMBER(2)
) ;

INSERT INTO ASIGNATURAS VALUES (1,'Prog. Leng. Estr.');
INSERT INTO ASIGNATURAS VALUES (2,'Sist. Informáticos');
INSERT INTO ASIGNATURAS VALUES (3,'Análisis');
INSERT INTO ASIGNATURAS VALUES (4,'FOL');
INSERT INTO ASIGNATURAS VALUES (5,'RET');
INSERT INTO ASIGNATURAS VALUES (6,'Entornos Gráficos');
INSERT INTO ASIGNATURAS VALUES (7,'Aplic. Entornos 4ªGen');

INSERT INTO ALUMNOS VALUES
('12344345','Alcalde García, Elena', 'C/Las Matas, 24','Madrid','917766545');

INSERT INTO ALUMNOS VALUES
('4448242','Cerrato Vela, Luis', 'C/Mina 28 - 3A', 'Madrid','916566545');

INSERT INTO ALUMNOS VALUES
('56882942','Díaz Fernández, María', 'C/Luis Vives 25', 'Móstoles','915577545');

INSERT INTO NOTAS VALUES('12344345', 1,6);
INSERT INTO NOTAS VALUES('12344345', 2,5);
INSERT INTO NOTAS VALUES('12344345', 3,6);

INSERT INTO NOTAS VALUES('4448242', 4,6);
INSERT INTO NOTAS VALUES('4448242', 5,8);
INSERT INTO NOTAS VALUES('4448242', 6,4);
INSERT INTO NOTAS VALUES('4448242', 7,5);

INSERT INTO NOTAS VALUES('56882942', 4,8);
INSERT INTO NOTAS VALUES('56882942', 5,7);
INSERT INTO NOTAS VALUES('56882942', 6,8);
INSERT INTO NOTAS VALUES('56882942', 7,9);

COMMIT;
REM ********** TABLA MISTEXTOS: *************

DROP TABLE MISTEXTOS cascade constraints; 

CREATE TABLE MISTEXTOS (
 TITULO  VARCHAR2(32),
 AUTOR   VARCHAR2(22),
 EDITORIAL VARCHAR2(15), 
 PAGINA  NUMBER(3)
 ) ;

INSERT INTO MISTEXTOS VALUES ('METODOLOGÍA DE LA PROGRAMACIÓN.', 
'ALCALDE, GARCÍA', 'MCGRAWHILL',140);
INSERT INTO MISTEXTOS VALUES ('"INFORMÁTICA BÁSICA."', 'GARCÍA GARCERÁN', 'PARANINFO',130);
INSERT INTO MISTEXTOS VALUES ('SISTEMAS OPERATIVOS', 'J.F. GARCÍA', 'OBSBORNE',300);
INSERT INTO MISTEXTOS VALUES ('SISTEMAS DIGITALES.', 'M.A. RUÍZ', 
'PRENTICE HALL',190);
INSERT INTO MISTEXTOS VALUES ('"MANUAL DE C."', 'M.A. RUÍZ', 'MCGRAWHILL',340);

COMMIT;


REM ********** TABLA LIBROS: *************

DROP TABLE LIBROS cascade constraints; 

CREATE TABLE LIBROS (
 TITULO  VARCHAR2(32),
 AUTOR   VARCHAR2(22),
 EDITORIAL VARCHAR2(15), 
 PAGINA  NUMBER(3)
 );

INSERT INTO LIBROS VALUES ('LA COLMENA', 'CELA, CAMILO JOSÉ', 'PLANETA',240);
INSERT INTO LIBROS VALUES ('LA HISTORIA DE MI HIJO', 'GORDIMER, NADINE', 'TIEM.MODERNOS',327);
INSERT INTO LIBROS VALUES ('LA MIRADA DEL OTRO', 'G.DELGADO, FERNANDO', 'PLANETA',298);
INSERT INTO LIBROS VALUES ('ÚLTIMAS TARDES CON TERESA','MARSE, JUAN', 'CÍRCULO',350);
INSERT INTO LIBROS VALUES ('LA NOVELA DE P. ANSUREZ', 
'TORRENTE B., GONZALO', 'PLANETA',162);
COMMIT;

REM ********** TABLA NACIMIENTOS:******************

DROP TABLE NACIMIENTOS cascade constraints; 



CREATE TABLE NACIMIENTOS (
 NOMBRE CHAR(15),
 APELLIDO CHAR(15),
 FECHANAC DATE,
 EDAD NUMBER
 ) ;


INSERT INTO NACIMIENTOS VALUES ('PEDRO', 'SÁNCHEZ','12/05/1982', 17);
INSERT INTO NACIMIENTOS VALUES ('JUAN', 'JIMÉNEZ','23/08/1982', 17);
INSERT INTO NACIMIENTOS VALUES ('MARÍA', 'LÓPEZ','02/02/1983', 16);
INSERT INTO NACIMIENTOS VALUES ('CLARA', 'LASECA','20/05/1985', 14);
COMMIT;


REM ********** FIN *************************

